{
    "YOLOv8n": {
        "mean_time": 0.04890383243560791,
        "std_time": 0.008170302208243673,
        "median_time": 0.04694414138793945,
        "min_time": 0.03652071952819824,
        "max_time": 0.13487935066223145,
        "fps": 20.448295157986,
        "total_time": 24.451916217803955,
        "num_images": 500,
        "avg_detections": 5.202,
        "mAP@[0.5:0.95]": 0.00033827881449242263,
        "mAP@0.5": 0.00039589025393617995,
        "mAP(Small)": 0.0,
        "mAP(Medium)": 0.004835789388219055,
        "mAP(Large)": 0.0017434076644602962
    },
    "Faster R-CNN (R50)": {
        "mean_time": 2.156074004650116,
        "std_time": 0.40117437396731354,
        "median_time": 2.0774872303009033,
        "min_time": 1.4056603908538818,
        "max_time": 4.603158473968506,
        "fps": 0.4638059722640542,
        "total_time": 1078.037002325058,
        "num_images": 500,
        "avg_detections": 12.638,
        "mAP@[0.5:0.95]": 0.00011964010708185558,
        "mAP@0.5": 0.00022134513407417875,
        "mAP(Small)": 0.00032938076416337287,
        "mAP(Medium)": 0.00025416502689229963,
        "mAP(Large)": 0.0005091712798479715
    }
}